name	charge	inchikey
Photon	0	NaN
Oxidized plastoquinone	0	NaN
H2O	0	XLYOFNOQVPJJNP-UHFFFAOYSA-N
H+	0	GPRLSGONYQIRFK-UHFFFAOYSA-N
Reduced plastoquinone	0	NaN
O2	0	MYMOFIZGZYHOMD-UHFFFAOYSA-N
H+	0	GPRLSGONYQIRFK-UHFFFAOYSA-N
Oxidized plastocyanin	0	NaN
Reduced plastocyanin	0	NaN
Oxidized ferredoxin	0	NaN
Reduced ferredoxin	0	NaN
Nicotinamide adenine dinucleotide phosphate	-4	XJLXINKUBYWONI-NNYOXOHSSA-O
Nicotinamide adenine dinucleotide phosphate - reduced	-4	ACFIXJIJDZMPPO-NCHANQSKSA-N|ACFIXJIJDZMPPO-NNYOXOHSSA-N
Adenosine diphosphate	-3	XTWYTFMLZFPYCI-KQYNXXCUSA-N
Orthophosphate	-2	NBIIXXVUZAFLBC-UHFFFAOYSA-K
Adenosine triphosphate	-4	ZKHQWZAMYRWXGA-KQYNXXCUSA-N
Ribulose 1,5-bisphosphate	-4	YAHZABJORDUQGO-NQXXGFSBSA-N
CO2	0	CURLTUGMZLYLDI-UHFFFAOYSA-N
3-Phosphoglycerate	-3	OSJPPGNTCRNQQC-UHFFFAOYSA-N
3-Phospho-D-glyceroyl phosphate	-4	LJQLQCAXBUHEAZ-UWTATZPHSA-N
Glyceraldehyde 3-phosphate	-2	LXJXRIRHZLFYRP-VKHMYHEASA-N
Dihydroxyacetone phosphate	-2	GNGACRATGGDKBX-UHFFFAOYSA-N
Fructose 1,6-bisphosphate	-4	RNBGYGVWRKECFJ-ZXXMMSQZSA-N
Fructose 6-phosphate	-2	BGWGXPAPYGQALX-VRPWFDPXSA-N
Erythrose 4-phosphate	-2	NGHMDNPXVRFFGS-IUYQGCFVSA-N
Xylulose 5-phosphate	-2	FNZLKVNUWIIPSJ-RFZPGFLSSA-L|FNZLKVNUWIIPSJ-RFZPGFLSSA-N
Sedoheptulose 1,7-bisphosphate	-4	OKHXOUGRECCASI-SHUUEZRQSA-N
Sedoheptulose 7-phosphate	-2	JDTUMPKOJBQPKX-GBNDHIKLSA-N
Ribose 5-phosphate	-2	KTVPXOYAKDPRHY-SOOFDHNKSA-N
Ribulose 5-phosphate	-2	FNZLKVNUWIIPSJ-UHNVWZDZSA-N
Glucose 6-phosphate	-2	NBSCHQHZLSJFNQ-VFUOTHLCSA-N
Glucose 1-phosphate	-2	HXXFSFRBOHSIMQ-GASJEMHNSA-N
ADP-Glucose	-2	WFPZSXYXPSUOPY-ROYWQJLOSA-N
Pyrophosphate	-4	XPPKVPWEQAFLFU-UHFFFAOYSA-J|XPPKVPWEQAFLFU-UHFFFAOYSA-N
Starch, X+1 glucose units	0	NaN
Starch, X+2 glucose units	0	NaN
Starch, X+3 glucose units	0	NaN
Starch, X+5 glucose units	0	NaN
Maltose	0	GUBGYTABKSRVRQ-PICCSMPSSA-N
Glucose	0	WQZGKKKJIJFFOK-GASJEMHNSA-N
Starch, X+1 glucose units	0	NaN
Maltose	0	GUBGYTABKSRVRQ-PICCSMPSSA-N
Starch, X+2 glucose units	0	NaN
Glucose	0	WQZGKKKJIJFFOK-GASJEMHNSA-N
Adenosine triphosphate	-4	ZKHQWZAMYRWXGA-KQYNXXCUSA-N
Glucose 6-phosphate	-2	NBSCHQHZLSJFNQ-VFUOTHLCSA-N
Adenosine diphosphate	-3	XTWYTFMLZFPYCI-KQYNXXCUSA-N
H+	0	GPRLSGONYQIRFK-UHFFFAOYSA-N
Orthophosphate	-2	NBIIXXVUZAFLBC-UHFFFAOYSA-K
Glucose 1-phosphate	-2	HXXFSFRBOHSIMQ-GASJEMHNSA-N
Glyceraldehyde 3-phosphate	-2	LXJXRIRHZLFYRP-VKHMYHEASA-N
Dihydroxyacetone phosphate	-2	GNGACRATGGDKBX-UHFFFAOYSA-N
Fructose 1,6-bisphosphate	-4	RNBGYGVWRKECFJ-ZXXMMSQZSA-N
H2O	0	XLYOFNOQVPJJNP-UHFFFAOYSA-N
Fructose 6-phosphate	-2	BGWGXPAPYGQALX-VRPWFDPXSA-N
Fructose 2,6-bisphosphate	-4	YXWOAJXNVLXPMU-ZXXMMSQZSA-N
Uridine triphosphate	-4	PGAVKCOVUIYSFO-XVFCMESISA-N
UDP-Glucose	-2	HSCJRCZFDFQWRP-RDKQLNKOSA-N
Pyrophosphate	-4	XPPKVPWEQAFLFU-UHFFFAOYSA-J|XPPKVPWEQAFLFU-UHFFFAOYSA-N
Sucrose-6-phosphate	-2	PJTTXANTBQDXME-UGDNZRGBSA-N
Uridine diphosphate	-2	XCCTYIAWTASOJW-XVFCMESISA-N
Sucrose	0	CZMRCDWAGMRECN-UGDNZRGBSA-N
Fructose	0	RFSUNEUAIZKAJO-VRPWFDPXSA-N
Trehalose 6-phosphate	-2	LABSPYBHMPDTEL-LIZSDCNHSA-N
Trehalose	0	HDTRYLNUVZCQOY-LIZSDCNHSA-N
Cellulose, 1 repeat units	0	NaN
Cellulose, 2 repeat units	0	NaN
Cellulose, 3 repeat units	0	NaN
Malate	-2	BJEPYKJPYRNKOW-REOHCLBHSA-L
Nicotinamide adenine dinucleotide	-2	BAWFJGJZGIEFAR-NNYOXOHSSA-N
Oxaloacetate	-2	KHPXUQMNIQBQEV-UHFFFAOYSA-N
Nicotinamide adenine dinucleotide - reduced	-2	BOPGDPNILDQYTO-NNYOXOHSSA-N
Phosphoenolpyruvate	-3	DTBNBXWJWCWCIK-UHFFFAOYSA-M
CO2	0	CURLTUGMZLYLDI-UHFFFAOYSA-N
Bicarbonate	-1	BVKZGUZCCUSVTD-UHFFFAOYSA-M
2-Phosphoglycerate 	-3	GXIURPTVHJPJLF-UWTATZPHSA-N
3-Phosphoglycerate	-3	OSJPPGNTCRNQQC-UHFFFAOYSA-N
3-Phospho-D-glyceroyl phosphate	-4	LJQLQCAXBUHEAZ-UWTATZPHSA-N
Nicotinamide adenine dinucleotide phosphate	-4	XJLXINKUBYWONI-NNYOXOHSSA-O
Nicotinamide adenine dinucleotide phosphate - reduced	-3	ACFIXJIJDZMPPO-NCHANQSKSA-N|ACFIXJIJDZMPPO-NNYOXOHSSA-N
Nicotinamide adenine dinucleotide	-2	BAWFJGJZGIEFAR-NNYOXOHSSA-N
Nicotinamide adenine dinucleotide - reduced	-2	BOPGDPNILDQYTO-NNYOXOHSSA-N
2-Phosphoglycerate 	-3	GXIURPTVHJPJLF-UWTATZPHSA-N
Phosphoenolpyruvate	-3	DTBNBXWJWCWCIK-UHFFFAOYSA-M
Pyruvate	-1	LCTONWCANYUPML-UHFFFAOYSA-M
Pyruvate	-1	LCTONWCANYUPML-UHFFFAOYSA-M
Pyruvate	-1	LCTONWCANYUPML-UHFFFAOYSA-M
Thiamine pyrophosphate	-3	AYEKOFBPNLCAJY-UHFFFAOYSA-L
H+	0	GPRLSGONYQIRFK-UHFFFAOYSA-N
2-(alpha-Hydroxyethyl)thiamine diphosphate	-3	RRUVJGASJONMDY-UHFFFAOYSA-O
CO2	0	CURLTUGMZLYLDI-UHFFFAOYSA-N
Lipoamide	0	FCCDDURTIIUXBY-UHFFFAOYSA-N
Acetyldihydrolipoamide	0	ARGXEXVCHMNAQU-UHFFFAOYSA-N
Coenzyme A	-4	RGJOEKWQDUBAIZ-IBOSZNHHSA-N
Acetyl-Coenzyme A	-4	ZSLZBFCDCINBPY-KMYLAXNMSA-N
Dihydrolipoamide	0	VLYUGYAKYZETRF-UHFFFAOYSA-N
Nicotinamide adenine dinucleotide	-2	BAWFJGJZGIEFAR-NNYOXOHSSA-N
Nicotinamide adenine dinucleotide - reduced	-2	BOPGDPNILDQYTO-NNYOXOHSSA-N
Oxaloacetate	-2	KHPXUQMNIQBQEV-UHFFFAOYSA-N
H2O	0	XLYOFNOQVPJJNP-UHFFFAOYSA-N
Citrate	-3	KRKNYBCHXYNGOX-UHFFFAOYSA-N
cis-Aconitate	-3	GTZCVFVGUGFEME-IWQZZHSRSA-N
Isocitrate	-3	ODBLHEXUDAPZAU-UHFFFAOYSA-N
2-Oxoglutarate	-2	KPGXRSRHYNQIFN-UHFFFAOYSA-N
Succinyldihydrolipoamide	-1	RJCJWONCSKSHES-SECBINFHSA-N
Succinyl-CoA	-5	VNOYUJKHFWYWIR-ITIYDSSPSA-N|VNOYUJKHFWYWIR-ITIYDSSPSA-I|VNOYUJKHFWYWIR-ITIYDSSPSA-J
Adenosine diphosphate	-3	XTWYTFMLZFPYCI-KQYNXXCUSA-N
Orthophosphate	-2	NBIIXXVUZAFLBC-UHFFFAOYSA-K
Succinate	-2	KDYFGRWQOYBRFD-UHFFFAOYSA-L|KDYFGRWQOYBRFD-UHFFFAOYSA-N
Adenosine triphosphate	-4	ZKHQWZAMYRWXGA-KQYNXXCUSA-N
Ubiquinone	0	ACTIUHUUMQJHFO-UPTCCGCDSA-N
Fumarate	-2	VZCYOOQTPOCHFL-OWOJBTEDSA-L|VZCYOOQTPOCHFL-OWOJBTEDSA-N
Ubiquinol	0	NaN
Malate	-2	BJEPYKJPYRNKOW-UHFFFAOYSA-N|BJEPYKJPYRNKOW-UHFFFAOYSA-L
H+	0	GPRLSGONYQIRFK-UHFFFAOYSA-N
Oxidized cytochrome c	-2	NaN
Reduced cytochrome c	-2	NaN
O2	0	MYMOFIZGZYHOMD-UHFFFAOYSA-N
2-Phosphoglycolate	-3	ASCFNMCAHFUBCO-UHFFFAOYSA-N|ASCFNMCAHFUBCO-UHFFFAOYSA-K
Glycolate	-1	AEMRFAOFKBGASW-UHFFFAOYSA-M|AEMRFAOFKBGASW-UHFFFAOYSA-N
Glycolate	-1	AEMRFAOFKBGASW-UHFFFAOYSA-M|AEMRFAOFKBGASW-UHFFFAOYSA-N
O2	0	MYMOFIZGZYHOMD-UHFFFAOYSA-N
Glyoxylate	-1	HHLFWLYXYJOTON-UHFFFAOYSA-N
Hydrogen peroxide	0	MHAJPDPJQMAIIY-UHFFFAOYSA-N
H2O	0	XLYOFNOQVPJJNP-UHFFFAOYSA-N
Glutamate	-1	WHUUTDBJXJRKMK-VKHMYHEASA-M
Glycine	0	DHMQDGOQFOQNFH-UHFFFAOYSA-N
2-Oxoglutarate	-2	KPGXRSRHYNQIFN-UHFFFAOYSA-N
Glycine	0	DHMQDGOQFOQNFH-UHFFFAOYSA-N
Lipoylprotein	0	NaN
Aminomethyldihydrolipoylprotein	1	NaN
5,6,7,8-Tetrahydrofolate	-2	MSTNYGQPCMXVAQ-KIYNQFGBSA-N
Dihydrolipolprotein	0	NaN
5,10-Methylenetetrahydrofolate	-2	QYNUQALWYRSVHF-ABLWVSNPSA-N
Ammonia	1	QGZKDVFQNNGYKY-UHFFFAOYSA-N
Serine	0	MTCFGRXMJLQNBG-REOHCLBHSA-N
Serine	0	MTCFGRXMJLQNBG-REOHCLBHSA-N
Hydroxypyruvate	-1	HHDDCCUIIUWNGJ-UHFFFAOYSA-N
Nicotinamide adenine dinucleotide - reduced	-2	BOPGDPNILDQYTO-NNYOXOHSSA-N
H+	0	GPRLSGONYQIRFK-UHFFFAOYSA-N
Glycerate	-1	RBNPOMFGQQGHHO-UWTATZPHSA-N|RBNPOMFGQQGHHO-UWTATZPHSA-M
Nicotinamide adenine dinucleotide	-2	BAWFJGJZGIEFAR-NNYOXOHSSA-N|BAWFJGJZGIEFAR-NNYOXOHSSA-O|BAWFJGJZGIEFAR-NNYOXOHSSA-M
Malate	-2	BJEPYKJPYRNKOW-UHFFFAOYSA-N|BJEPYKJPYRNKOW-UHFFFAOYSA-L
Oxaloacetate	-2	KHPXUQMNIQBQEV-UHFFFAOYSA-N
Glycerate	-1	RBNPOMFGQQGHHO-UWTATZPHSA-N|RBNPOMFGQQGHHO-UWTATZPHSA-M
Glucono-delta-lactone-6-phosphate	-2	IJOJIVNDFQSGAB-SQOUGZDYSA-N
6-Phospho-D-gluconate	-3	BIRSGZKFKXLSJQ-SQOUGZDYSA-N
3-Deoxy-D-arabino-heptulosonate-7-phosphate	-3	PJWIPEXIFFQAQZ-PUFIMZNGSA-N
3-Dehydroquinate	-1	WVMWZWGZRAXUBK-SYTVJDICSA-M|WVMWZWGZRAXUBK-SYTVJDICSA-N
3-Dehydroshikimate	-1	SLWWJZMPHJJOPH-PHDIDXHHSA-N|SLWWJZMPHJJOPH-PHDIDXHHSA-M
Shikimate	-1	JXOHGGNKMLTUBP-HSUXUTPPSA-N|JXOHGGNKMLTUBP-HSUXUTPPSA-M
Shikimate 3-phosphate	-3	QYOJSKGCWNAKGW-PBXRRBTRSA-N|QYOJSKGCWNAKGW-PBXRRBTRSA-K|QYOJSKGCWNAKGW-PBXRRBTRSA-M
5-Enolpyruvyl-shikimate-3-phosphate	-4	QUTYKIXIUDQOLK-PRJMDXOYSA-J
Chorismate	-2	WTFXTQVDAKGDEY-HTQZYQBOSA-N
5-Phosphoribosyl 1-pyrophosphate	-5	PQGCEDQWHSBAJP-TXICZTDVSA-N|PQGCEDQWHSBAJP-TXICZTDVSA-I
adenosine 5-monophosphate	-2	UDMBCSSLTHHNCD-KQYNXXCUSA-N
Malate	-2	BJEPYKJPYRNKOW-UHFFFAOYSA-N|BJEPYKJPYRNKOW-UHFFFAOYSA-L
Oxaloacetate	-2	KHPXUQMNIQBQEV-UHFFFAOYSA-N
Nicotinamide adenine dinucleotide phosphate - reduced	-4	ACFIXJIJDZMPPO-NCHANQSKSA-N|ACFIXJIJDZMPPO-NNYOXOHSSA-N
Nicotinamide adenine dinucleotide phosphate	-4	XJLXINKUBYWONI-NNYOXOHSSA-O
Acetyl-Coenzyme A	-3	ZSLZBFCDCINBPY-KMYLAXNMSA-N
Citrate	-3	KRKNYBCHXYNGOX-UHFFFAOYSA-N
Coenzyme A	-4	RGJOEKWQDUBAIZ-IBOSZNHHSA-N
Acetyl-Coenzyme A	-4	ZSLZBFCDCINBPY-KMYLAXNMSA-N
Citrate	-3	KRKNYBCHXYNGOX-UHFFFAOYSA-N
Coenzyme A	-4	RGJOEKWQDUBAIZ-IBOSZNHHSA-N
cis-Aconitate	-3	GTZCVFVGUGFEME-IWQZZHSRSA-N
cis-Aconitate	-3	GTZCVFVGUGFEME-IWQZZHSRSA-N
Isocitrate	-3	ODBLHEXUDAPZAU-UHFFFAOYSA-N
Isocitrate	-3	ODBLHEXUDAPZAU-UHFFFAOYSA-N
2-Oxoglutarate	-2	KPGXRSRHYNQIFN-UHFFFAOYSA-N
2-Oxoglutarate	-2	KPGXRSRHYNQIFN-UHFFFAOYSA-N
Glyoxylate	-1	HHLFWLYXYJOTON-UHFFFAOYSA-N
Succinate	-2	KDYFGRWQOYBRFD-UHFFFAOYSA-L|KDYFGRWQOYBRFD-UHFFFAOYSA-N
Acetate	-1	QTBSBXVTEAMEQO-UHFFFAOYSA-M
Bicarbonate	-1	BVKZGUZCCUSVTD-UHFFFAOYSA-M
Malonyl-Coenzyme A	-5	LTYOQGRJFJAKNA-DVVLENMVSA-N
Acyl-carrier protein	0	NaN
Malonyl-acyl-carrier-protein	-1	NaN
Formate	-1	BDAGIHXWWSANSR-UHFFFAOYSA-M
5,6,7,8-Tetrahydrofolate	-2	MSTNYGQPCMXVAQ-KIYNQFGBSA-N
10-Formyltetrahydrofolate	-1	AUFGTPPARQZWDO-YUZLPWPTSA-N
Dihydrofolate	-1	OZRNSSUDZOLUSN-LBPRGKRZSA-N
5,6,7,8-Tetrahydrofolate	-2	MSTNYGQPCMXVAQ-KIYNQFGBSA-N
Oxidized thioredoxin	0	NaN
Reduced thioredoxin	0	NaN
Adenosine	0	OIRDTQYFTABQOQ-KQYNXXCUSA-N
adenosine 5-monophosphate	-2	UDMBCSSLTHHNCD-KQYNXXCUSA-N
Ribose	0	HMFHBZSHGGEWLO-AIHAYLRMSA-N
Adenine	-1	GFFGJBXGBJISGV-UHFFFAOYSA-N
5-Phosphoribosyl 1-pyrophosphate	-4	PQGCEDQWHSBAJP-TXICZTDVSA-N|PQGCEDQWHSBAJP-TXICZTDVSA-I
Ribose	0	HMFHBZSHGGEWLO-AIHAYLRMSA-N
Nitrate	-1	NHNBFGGVMKEFGY-UHFFFAOYSA-N
Nitrite	-1	IOVCWXUNBOPUCH-UHFFFAOYSA-M
Nitrite	-1	IOVCWXUNBOPUCH-UHFFFAOYSA-M
Ammonia	1	QGZKDVFQNNGYKY-UHFFFAOYSA-N
Sulfate	-2	QAOWNCQODCNURD-UHFFFAOYSA-L
Adenosine 5-phosphosulfate	-2	IRLPACMLTUPBCL-KQYNXXCUSA-N
Glutathione	-1	RWSXRVCMGQZWBV-WDSKDSINSA-N
Sulfite	-1	LSNNMFCWUKXFEE-UHFFFAOYSA-L
Glutathione disulfide	-2	YPZRWBKMTBYPTK-BJDJZHNGSA-N
Hydrogen sulfide	0	RWSOTUBLDIXVET-UHFFFAOYSA-N
Glutamate	-1	WHUUTDBJXJRKMK-VKHMYHEASA-M
Alanine	0	QNAYBMKLOCPYGJ-UHFFFAOYSA-N
Glutamate	-1	WHUUTDBJXJRKMK-VKHMYHEASA-M
Alanine	0	QNAYBMKLOCPYGJ-UHFFFAOYSA-N
Pyruvate	-1	LCTONWCANYUPML-UHFFFAOYSA-M
Alanine	0	QNAYBMKLOCPYGJ-UHFFFAOYSA-N
Acetylglutamate	-3	RFMMMVDNIPUKGG-UHFFFAOYSA-N
N-Acetyl-L-glutamyl 5-phosphate	-4	FCVIHFVSXHOPSW-YFKPBYRVSA-N
N-Acetyl-L-glutamate 5-semialdehyde	-2	BCPSFKBPHHBDAI-LURJTMIESA-N
Acetylornithine	-1	JRLGPAXAGHMNOL-LURJTMIESA-N|JRLGPAXAGHMNOL-LURJTMIESA-N
Ornithine	1	AHLPHDHHMVZTML-BYPYZUCNSA-N
Glutamine	0	ZDXPYRJPNDTMRX-VKHMYHEASA-N
Carbamoyl phosphate	-3	FFQKYPRQEYGKAF-UHFFFAOYSA-N
Citrulline	1	RHGKLRLOHDJJDR-BYPYZUCNSA-N
Aspartate	-1	CKLJMWTZIZZHCS-REOHCLBHSA-N|CKLJMWTZIZZHCS-REOHCLBHSA-L|CKLJMWTZIZZHCS-REOHCLBHSA-M
Argininosuccinate	-1	KDZOASGQNOPSCU-WDSKDSINSA-N
Arginine	1	ODKSFYDXXFIFQN-BYPYZUCNSA-N
Fumarate	-2	VZCYOOQTPOCHFL-OWOJBTEDSA-L|VZCYOOQTPOCHFL-OWOJBTEDSA-N
Fumarate	-2	VZCYOOQTPOCHFL-OWOJBTEDSA-L|VZCYOOQTPOCHFL-OWOJBTEDSA-N
Glutamine	0	ZDXPYRJPNDTMRX-VKHMYHEASA-N
Aspartate	-1	CKLJMWTZIZZHCS-REOHCLBHSA-N|CKLJMWTZIZZHCS-REOHCLBHSA-L|CKLJMWTZIZZHCS-REOHCLBHSA-M
Glutamate	-1	WHUUTDBJXJRKMK-VKHMYHEASA-M
Asparagine	0	DCXYFEDJOCDNAF-REOHCLBHSA-N
Aspartate	-1	CKLJMWTZIZZHCS-REOHCLBHSA-N|CKLJMWTZIZZHCS-REOHCLBHSA-L|CKLJMWTZIZZHCS-REOHCLBHSA-M
Aspartate	-1	CKLJMWTZIZZHCS-REOHCLBHSA-N|CKLJMWTZIZZHCS-REOHCLBHSA-L|CKLJMWTZIZZHCS-REOHCLBHSA-M
Ammonia	1	QGZKDVFQNNGYKY-UHFFFAOYSA-N
Serine	0	MTCFGRXMJLQNBG-REOHCLBHSA-N
O-Acetyl-L-serine	0	VZXPDPZARILFQX-BYPYZUCNSA-N
Serine	0	MTCFGRXMJLQNBG-REOHCLBHSA-N
O-Acetyl-L-serine	0	VZXPDPZARILFQX-BYPYZUCNSA-N
O-Acetyl-L-serine	0	VZXPDPZARILFQX-BYPYZUCNSA-N
Hydrogen sulfide	0	RWSOTUBLDIXVET-UHFFFAOYSA-N
Cysteine	0	XUJNEKJLAYXESH-REOHCLBHSA-N
Acetate	-1	QTBSBXVTEAMEQO-UHFFFAOYSA-M
Cysteine	0	XUJNEKJLAYXESH-REOHCLBHSA-N
Hydrogen sulfide	0	RWSOTUBLDIXVET-UHFFFAOYSA-N
Cysteine	0	XUJNEKJLAYXESH-REOHCLBHSA-N
Acetate	-1	QTBSBXVTEAMEQO-UHFFFAOYSA-M
4-Aminobutyrate	0	BTCSSZJGUNDROE-UHFFFAOYSA-M
4-Aminobutyrate	0	BTCSSZJGUNDROE-UHFFFAOYSA-M
Succinate semialdehyde	-1	UIUJIQZEACWQSV-UHFFFAOYSA-M|UIUJIQZEACWQSV-UHFFFAOYSA-N
Glutamine	0	ZDXPYRJPNDTMRX-VKHMYHEASA-N
Threonine	0	AYFVYJQAPQTCCC-GBXIJSLDSA-N
Acetaldehyde	0	IKHGUXGNUITLKF-UHFFFAOYSA-N
Glycine	0	DHMQDGOQFOQNFH-UHFFFAOYSA-N
Glyoxylate	-1	HHLFWLYXYJOTON-UHFFFAOYSA-N
Hydrogen peroxide	0	MHAJPDPJQMAIIY-UHFFFAOYSA-N
Glycine	0	DHMQDGOQFOQNFH-UHFFFAOYSA-N
Hydroxypyruvate	-1	HHDDCCUIIUWNGJ-UHFFFAOYSA-N
5-Phosphoribosyl-ATP	-6	RKNHJBVBFHDXGR-KEOHHSTQSA-H
5-Phosphoribosyl-AMP	-4	RTQMRTSPTLIIHM-KEOHHSTQSA-N|RTQMRTSPTLIIHM-KEOHHSTQSA-J
1-(5-Phosphoribosyl)-5-[(5-phosphoribosylamino)methylideneamino]imidazole-4-carboxamide	-4	QOUSHGMTBIIAHR-KEOHHSTQSA-J
5-[(5-phospho-1-deoxyribulos-1-ylamino)methylideneamino]-1-(5-phosphoribosyl)imidazole-4-carboxamide	-4	BLKFNHOCHNCLII-GHVQHMAVSA-N
Erythro-1-imidazol-4-glycerol 3-phosphate	-2	HFYBTHCYPKEDQQ-RITPCOANSA-N
5-Amino-1-(5-Phospho-D-ribosyl)imidazole-4-carboxamide	-1	NOTGFIUVDGNKRI-UUOKFMHZSA-N|NOTGFIUVDGNKRI-UUOKFMHZSA-L
Imidazole acetol-phosphate	-2	YCFFMSOLUMRAMD-UHFFFAOYSA-N
Histidinol phosphate	-1	CWNDERHTHMWBSI-YFKPBYRVSA-N
Histidinol	1	ZQISRDCJNBUVMM-YFKPBYRVSA-N|ZQISRDCJNBUVMM-UHFFFAOYSA-N
Histidinal	0	VYOIELONWKIZJS-YFKPBYRVSA-N|VYOIELONWKIZJS-YFKPBYRVSA-O
Histidine	0	HNDVDQJCIGZPNO-YFKPBYRVSA-N
Threonine	0	AYFVYJQAPQTCCC-GBXIJSLDSA-N
2-Oxobutanoate	-1	TYEYBOSBBBHJIV-UHFFFAOYSA-M
Thiamine pyrophosphate	-3	AYEKOFBPNLCAJY-UHFFFAOYSA-L
2-(alpha-Hydroxyethyl)thiamine diphosphate	-3	RRUVJGASJONMDY-UHFFFAOYSA-O
2-Aceto-2-hydroxybutanoate	-1	VUQLHQFKACOHNZ-UHFFFAOYSA-N
(R)-3-Hydroxy-3-methyl-2-oxopentanoate	-1	YJVOWRAWFXRESP-ZCFIWIBFSA-M
2,3-Dihydroxy-3-methylpentanoate	-1	PDGXJDXVGMHUIR-UJURSFKZSA-M
3-Methyl-2-oxopentanoate	-1	JVQYSWDUAOAHFM-UHFFFAOYSA-N
Isoleucine	0	AGPKZVBTJJNPAG-WHFBIAKZSA-N
2-Acetolactate	-1	NMDWGEGFJUBKLB-UHFFFAOYSA-N
3-Hydroxy-3-methyl-2-oxobutanoic acid	-1	DNOPJXBPONYBLB-UHFFFAOYSA-N
2,3-Dihydroxy-3-methylbutanoate	-1	JTEYKUFKXGDTEU-VKHMYHEASA-M
3-Methyl-2-oxobutanoate	-1	QHKABHOOEWYVLI-UHFFFAOYSA-N|QHKABHOOEWYVLI-UHFFFAOYSA-M
2-Isopropylmalate	-2	BITYXLXUCSKTJS-ZETCQYMHSA-N
2-Isopropylmaleate	-2	NJMGRJLQRLFQQX-HYXAFXHYSA-N
3-Isopropylmalate	-2	RNQHMTFBUSSBJQ-CRCLSJGQSA-N
2-Isopropyl-3-oxosuccinate	-2	HIIZAGQWABAMRR-BYPYZUCNSA-N
4-Methyl-2-oxopentanoate	-1	BKAJNAXTPSGJCU-UHFFFAOYSA-N|BKAJNAXTPSGJCU-UHFFFAOYSA-M
Leucine	0	ROHFNLRQFUQHCH-YFKPBYRVSA-N|ROHFNLRQFUQHCH-YFKPBYRVSA-O|ROHFNLRQFUQHCH-YFKPBYRVSA-N
Aspartyl-4-phosphate	-2	IXZNKTPIYKDIGG-REOHCLBHSA-L
Aspartate 4-semialdehyde	0	HOSWPDPVFBCLSY-VKHMYHEASA-N
2,3-Dihydrodipicolinate	-2	UWOCFOFVIBZJGH-YFKPBYRVSA-N|UWOCFOFVIBZJGH-YFKPBYRVSA-L
2,3,4,5-Tetrahydrodipicolinate	-2	CXMBCXQHOXUCEO-BYPYZUCNSA-L
Diaminopimelate	0	GMKMEZVLHJARHF-UHFFFAOYSA-L|GMKMEZVLHJARHF-UHFFFAOYSA-N
meso-Diaminopimelate	0	GMKMEZVLHJARHF-SYDPRGILSA-N|GMKMEZVLHJARHF-SYDPRGILSA-N
Lysine	1	KDXKERNSBIXSRK-YFKPBYRVSA-N
Homoserine	0	UKAUYVFTDYCKQA-UHFFFAOYSA-N|UKAUYVFTDYCKQA-VKHMYHEASA-N
O-Phosphohomoserine	-2	FXDNYOANAXWZHG-VKHMYHEASA-N
Cystathionine	0	ILRYLPWNYFXEMH-UHFFFAOYSA-N|ILRYLPWNYFXEMH-WHFBIAKZSA-N
Homocysteine	0	FFFHZYDWPBMWHY-VKHMYHEASA-N
5,10-Methylenetetrahydrofolate	-2	QYNUQALWYRSVHF-ABLWVSNPSA-N
5-Methyltetrahydrofolate	-1	ZNOVTXRBGFNYRX-STQMWFEESA-N
Homocysteine	0	FFFHZYDWPBMWHY-VKHMYHEASA-N
Methionine	0	FFEARJCKVFRZRR-BYPYZUCNSA-N
Adenosylmethionine	0	MEFKEPWMEQBLKI-AIRLBKTGSA-N|MEFKEPWMEQBLKI-AIRLBKTGSA-O|MEFKEPWMEQBLKI-AIRLBKTGSA-O
Adenosylhomocysteine	0	ZJUKTBDSGOFHSH-WFMPWKQPSA-N
Prephenate	-2	FPWMCUPFBRFMLH-UHFFFAOYSA-N
Arogenate	-1	MIEILDYWGANZNH-DSQUFTABSA-M
Phenylalanine	0	COLNVLDHVKWLRT-QMMMGPOBSA-N|COLNVLDHVKWLRT-QMMMGPOBSA-N|COLNVLDHVKWLRT-QMMMGPOBSA-O
Arginine	1	ODKSFYDXXFIFQN-BYPYZUCNSA-N
Ornithine	1	AHLPHDHHMVZTML-BYPYZUCNSA-N
Urea	1	XSQUKJJJFZCRTK-UHFFFAOYSA-N
Glutamate 5-semialdehyde	0	KABXUUFDPUOJMW-BYPYZUCNSA-N
Glutamate 5-phosphate	-2	PJRXVIJAERNUIP-VKHMYHEASA-N
Glutamate 5-phosphate	-2	PJRXVIJAERNUIP-VKHMYHEASA-N
Glutamate 5-phosphate	-2	PJRXVIJAERNUIP-VKHMYHEASA-N
Glutamate 5-semialdehyde	0	KABXUUFDPUOJMW-BYPYZUCNSA-N
Glutamate 5-semialdehyde	0	KABXUUFDPUOJMW-BYPYZUCNSA-N
1-Pyrroline-5-carboxylate	-1	DWAKNKKXGALPNW-SCSAIBSYSA-M
1-Pyrroline-5-carboxylate	-1	DWAKNKKXGALPNW-SCSAIBSYSA-M
1-Pyrroline-5-carboxylate	-1	DWAKNKKXGALPNW-SCSAIBSYSA-M
Proline	0	ONIBWKKTOPOVIA-BYPYZUCNSA-N
Proline	0	ONIBWKKTOPOVIA-BYPYZUCNSA-N
3-Phosphohydroxypyruvate	-3	LFLUCDOSQPJJBE-UHFFFAOYSA-N|LFLUCDOSQPJJBE-UHFFFAOYSA-K
O-Phosphoserine	-2	BZQFBWGGLXLEPQ-REOHCLBHSA-N
Anthranilate	-1	RWZYAGGXGHYGMB-UHFFFAOYSA-N|RWZYAGGXGHYGMB-UHFFFAOYSA-M
5-Phosphoribosyl-anthranilate	-3	PMFMJXPRNJUYMB-GWOFURMSSA-K
1-(2-Carboxyphenylamino)-1-deoxy-D-ribulose 5-phosphate	-3	QKMBYNRMPRKVTO-MNOVXSKESA-N
Indole-3-glycerol phosphate	-2	NQEQTYPJSIEPHW-MNOVXSKESA-N
Indole	0	SIKJAQJRHWYJAI-UHFFFAOYSA-N
Tryptophan	0	QIVBCDIJIAJPQS-VIFPVBQESA-N
Tyrosine	0	OUYCCCASQSFEME-QMMMGPOBSA-N|OUYCCCASQSFEME-QMMMGPOBSA-M|OUYCCCASQSFEME-QMMMGPOBSA-O|OUYCCCASQSFEME-QMMMGPOBSA-N
Valine	0	KZSNJWFQEVHDMF-BYPYZUCNSA-N
5-Phospho-beta-D-ribosylamine	-1	SKCBPEVYGOQGJN-TXICZTDVSA-N
5-Phospho-D-ribosylglycineamide	-1	OBQMLSFOUZUIOB-SHUUEZRQSA-M
5-Phospho-D-ribosyl-N-formylglycineamide	-2	VDXLUNDMVKSKHO-XVFCMESISA-L
5-Phospho-D-ribosyl-N-formylglycineamidine	-2	PMCOGCVKOAOZQM-XVFCMESISA-N
5-Aminoimidazole ribonucleotide	-2	PDACUKOKVHBVHJ-XVFCMESISA-N
4-Carboxyaminoimidazole ribonucleotide	-3	XFVULMDJZXYMSG-ZIYNGMLESA-K
1-(5-Phosphoribosyl)-4-(N-succino-carboxamide)-5-aminoimidazole	-4	NAQGHJTUZRHGAC-LBGUGVGYSA-J
5-phosphoribosyl-5-formamido-4-imidazole carboxamide	-2	ABCOOORLYAOBOZ-KQYNXXCUSA-L
Inosine 5-phosphate	-2	GRSZFWQUAKGDAV-KQYNXXCUSA-L
Inosine 5-phosphate	-2	GRSZFWQUAKGDAV-KQYNXXCUSA-L
Xanthosine 5-phosphate	-2	DCTLYFZHFGENCW-UUOKFMHZSA-L
Guanosine 5-phosphate	-1	RQFCJASXJCIDSX-UUOKFMHZSA-N
Guanosine triphosphate	-3	XKMLYUALXHKNFT-UUOKFMHZSA-N
N6-(1,2-Dicarboxyethyl)-AMP	-4	OFBHPPMPBOJXRT-VWJPMABRSA-N
Guanosine diphosphate	-2	QGWNDRXFNXRZMB-UUOKFMHZSA-N
N-Carbamoyl-L-aspartate	-2	HLKXYZVTANABHZ-REOHCLBHSA-N
Dihydroorotate	-2	UFIVEPVSAGBUSI-UHFFFAOYSA-M|UFIVEPVSAGBUSI-UHFFFAOYSA-N|UFIVEPVSAGBUSI-UHFFFAOYSA-M
Dihydroorotate	-2	UFIVEPVSAGBUSI-UHFFFAOYSA-M|UFIVEPVSAGBUSI-UHFFFAOYSA-N|UFIVEPVSAGBUSI-UHFFFAOYSA-M
Orotate	-1	PXQPEWDEAKTCGB-UHFFFAOYSA-M|PXQPEWDEAKTCGB-UHFFFAOYSA-N
Orotate	-1	PXQPEWDEAKTCGB-UHFFFAOYSA-M|PXQPEWDEAKTCGB-UHFFFAOYSA-N
Orotidine 5-phosphate	-3	KYOBSHFOBAOFBF-XVFCMESISA-N
Uridine 5-phosphate	-2	DJJCXFVJDGTHFX-XVFCMESISA-N
Cytidine triphosphate	-4	PCDQPRRSZKQHHS-XVFCMESISA-N
Guanosine diphosphate	-2	QGWNDRXFNXRZMB-UUOKFMHZSA-N
Cytidine diphosphate	-2	ZWIADYZPOWUWEW-XVFCMESISA-N
2-Deoxyadenosine 5-diphosphate	-2	DAEAPNUQQAICNR-RRKCRQDMSA-N
2-Deoxycytidine 5-diphosphate	-2	FTDHDKPUHBLBTL-SHYZEUOFSA-N
2-Deoxyguanosine 5-diphosphate	-1	CIKGWCTVFSRMJU-KVQBGUIXSA-N
2-Deoxyuridine 5-diphosphate	-2	QHWZTVCCBMIIKE-SHYZEUOFSA-N
2-Deoxyuridine 5-triphosphate	-3	AHCYMLUZIRLXAA-SHYZEUOFSA-J
2-Deoxyuridine 5-monophosphate	-2	JSRLJPSBLDHEIO-SHYZEUOFSA-N
2-Deoxythymidine 5-monophosphate	-2	GYOZYWVXFNDGLU-XLPZGREQSA-N
2-Deoxythymidine 5-diphosphate	-2	UJLXYODCHAELLY-XLPZGREQSA-N
Guanosine triphosphate	-3	XKMLYUALXHKNFT-UUOKFMHZSA-N
2-Deoxyadenosine 5-triphosphate	-3	SUYVUBYJARFZHO-RRKCRQDMSA-N
2-Deoxycytidine 5-triphosphate	-3	RGWHQCVHVJXOKC-UHFFFAOYSA-N
2-Deoxyguanosine 5-triphosphate	-2	HAAZLUGHYHWQIW-KVQBGUIXSA-N
2-Deoxythymidine 5-triphosphate	-3	NHVNXKFIZYSCEB-XLPZGREQSA-N
Sulfate	-2	QAOWNCQODCNURD-UHFFFAOYSA-L
Glycolate	-1	AEMRFAOFKBGASW-UHFFFAOYSA-M|AEMRFAOFKBGASW-UHFFFAOYSA-N
Glycerate	-1	RBNPOMFGQQGHHO-UWTATZPHSA-N|RBNPOMFGQQGHHO-UWTATZPHSA-M
Alanine	0	QNAYBMKLOCPYGJ-UHFFFAOYSA-N
Arginine	1	ODKSFYDXXFIFQN-BYPYZUCNSA-N
Lysine	1	KDXKERNSBIXSRK-YFKPBYRVSA-N
Lysine	1	KDXKERNSBIXSRK-YFKPBYRVSA-N
Histidine	0	HNDVDQJCIGZPNO-YFKPBYRVSA-N
Histidine	0	HNDVDQJCIGZPNO-YFKPBYRVSA-N
Dihydroorotate	-2	UFIVEPVSAGBUSI-UHFFFAOYSA-M|UFIVEPVSAGBUSI-UHFFFAOYSA-N|UFIVEPVSAGBUSI-UHFFFAOYSA-M
O2	0	MYMOFIZGZYHOMD-UHFFFAOYSA-N
Arginine	1	ODKSFYDXXFIFQN-BYPYZUCNSA-N
Asparagine	-1	DCXYFEDJOCDNAF-REOHCLBHSA-N
Cysteine	0	XUJNEKJLAYXESH-REOHCLBHSA-N
Glutamine	-1	ZDXPYRJPNDTMRX-VKHMYHEASA-N
Histidine	0	HNDVDQJCIGZPNO-YFKPBYRVSA-N
Isoleucine	0	AGPKZVBTJJNPAG-WHFBIAKZSA-N
Isoleucine	0	AGPKZVBTJJNPAG-WHFBIAKZSA-N
Leucine	0	ROHFNLRQFUQHCH-YFKPBYRVSA-N|ROHFNLRQFUQHCH-YFKPBYRVSA-O|ROHFNLRQFUQHCH-YFKPBYRVSA-N
Leucine	0	ROHFNLRQFUQHCH-YFKPBYRVSA-N|ROHFNLRQFUQHCH-YFKPBYRVSA-O|ROHFNLRQFUQHCH-YFKPBYRVSA-N
Lysine	1	KDXKERNSBIXSRK-YFKPBYRVSA-N
Methionine	0	FFEARJCKVFRZRR-BYPYZUCNSA-N
Phenylalanine	0	COLNVLDHVKWLRT-QMMMGPOBSA-N|COLNVLDHVKWLRT-QMMMGPOBSA-N|COLNVLDHVKWLRT-QMMMGPOBSA-O
Phenylalanine	0	COLNVLDHVKWLRT-QMMMGPOBSA-N|COLNVLDHVKWLRT-QMMMGPOBSA-N|COLNVLDHVKWLRT-QMMMGPOBSA-O
Proline	0	ONIBWKKTOPOVIA-BYPYZUCNSA-N
Threonine	0	AYFVYJQAPQTCCC-GBXIJSLDSA-N
Tryptophan	0	QIVBCDIJIAJPQS-VIFPVBQESA-N
Tryptophan	0	QIVBCDIJIAJPQS-VIFPVBQESA-N
Tyrosine	0	OUYCCCASQSFEME-QMMMGPOBSA-N|OUYCCCASQSFEME-QMMMGPOBSA-M|OUYCCCASQSFEME-QMMMGPOBSA-O|OUYCCCASQSFEME-QMMMGPOBSA-N
Tyrosine	0	OUYCCCASQSFEME-QMMMGPOBSA-N|OUYCCCASQSFEME-QMMMGPOBSA-M|OUYCCCASQSFEME-QMMMGPOBSA-O|OUYCCCASQSFEME-QMMMGPOBSA-N
Valine	0	KZSNJWFQEVHDMF-BYPYZUCNSA-N
Valine	0	KZSNJWFQEVHDMF-BYPYZUCNSA-N
Asparagine	-1	DCXYFEDJOCDNAF-REOHCLBHSA-N
Asparagine	0	DCXYFEDJOCDNAF-REOHCLBHSA-N
Isoleucine	0	AGPKZVBTJJNPAG-WHFBIAKZSA-N
Leucine	0	ROHFNLRQFUQHCH-YFKPBYRVSA-N|ROHFNLRQFUQHCH-YFKPBYRVSA-O|ROHFNLRQFUQHCH-YFKPBYRVSA-N
Methionine	0	FFEARJCKVFRZRR-BYPYZUCNSA-N
Methionine	0	FFEARJCKVFRZRR-BYPYZUCNSA-N
Phenylalanine	0	COLNVLDHVKWLRT-QMMMGPOBSA-N|COLNVLDHVKWLRT-QMMMGPOBSA-N|COLNVLDHVKWLRT-QMMMGPOBSA-O
Proline	0	ONIBWKKTOPOVIA-BYPYZUCNSA-N
Threonine	0	AYFVYJQAPQTCCC-GBXIJSLDSA-N
Tryptophan	0	QIVBCDIJIAJPQS-VIFPVBQESA-N
Tyrosine	0	OUYCCCASQSFEME-QMMMGPOBSA-N|OUYCCCASQSFEME-QMMMGPOBSA-M|OUYCCCASQSFEME-QMMMGPOBSA-O|OUYCCCASQSFEME-QMMMGPOBSA-N
Valine	0	KZSNJWFQEVHDMF-BYPYZUCNSA-N
